insert into public.categoria (
    id, ativo, criado_em, alterado_em, version, extra, oi, nome, descricao
) values (
    '54000000-0000-0000-0000-000000000001', true, current_timestamp, current_timestamp, 0, null, 'CAT-LIVROS', 'Livros',
    'Acervo bibliografico para aulas, testes manuais e demonstracoes.'
);

insert into public.local_armazenamento (
    id, ativo, criado_em, alterado_em, version, extra, oi, nome, descricao, local_pai_id
) values
    ('54000000-0000-0000-0000-000000000101', true, current_timestamp, current_timestamp, 0, null, 'BIB', 'Biblioteca', 'Local principal do acervo de livros.', null),
    ('54000000-0000-0000-0000-000000000102', true, current_timestamp, current_timestamp, 0, null, 'BIB-EST-A', 'Estante A - Engenharia de Software', 'Livros de engenharia de software, arquitetura e boas praticas.', '54000000-0000-0000-0000-000000000101'),
    ('54000000-0000-0000-0000-000000000103', true, current_timestamp, current_timestamp, 0, null, 'BIB-EST-B', 'Estante B - Computacao Classica', 'Livros de fundamentos, algoritmos, sistemas e redes.', '54000000-0000-0000-0000-000000000101'),
    ('54000000-0000-0000-0000-000000000104', true, current_timestamp, current_timestamp, 0, null, 'BIB-EST-C', 'Estante C - Cultura Tech', 'Livros sobre times, produto, DevOps e cultura de tecnologia.', '54000000-0000-0000-0000-000000000101'),
    ('54000000-0000-0000-0000-000000000105', true, current_timestamp, current_timestamp, 0, null, 'BIB-EST-D', 'Estante D - Ficcao Cientifica e Fantasia', 'Obras classicas de ficcao cientifica, fantasia e cultura nerd.', '54000000-0000-0000-0000-000000000101'),
    ('54000000-0000-0000-0000-000000000106', true, current_timestamp, current_timestamp, 0, null, 'BIB-A-P1', 'Prateleira A1 - Codigo limpo', 'Boas praticas de codigo, refatoracao e design.', '54000000-0000-0000-0000-000000000102'),
    ('54000000-0000-0000-0000-000000000107', true, current_timestamp, current_timestamp, 0, null, 'BIB-A-P2', 'Prateleira A2 - Arquitetura e dominio', 'Arquitetura, padroes e modelagem de dominio.', '54000000-0000-0000-0000-000000000102'),
    ('54000000-0000-0000-0000-000000000108', true, current_timestamp, current_timestamp, 0, null, 'BIB-B-P1', 'Prateleira B1 - Algoritmos e linguagens', 'Algoritmos, compiladores e fundamentos de programacao.', '54000000-0000-0000-0000-000000000103'),
    ('54000000-0000-0000-0000-000000000109', true, current_timestamp, current_timestamp, 0, null, 'BIB-B-P2', 'Prateleira B2 - Sistemas e redes', 'Sistemas operacionais, redes e programacao Linux.', '54000000-0000-0000-0000-000000000103'),
    ('54000000-0000-0000-0000-000000000110', true, current_timestamp, current_timestamp, 0, null, 'BIB-C-P1', 'Prateleira C1 - Times e processos', 'Gestao, colaboracao, DevOps e melhoria continua.', '54000000-0000-0000-0000-000000000104'),
    ('54000000-0000-0000-0000-000000000111', true, current_timestamp, current_timestamp, 0, null, 'BIB-C-P2', 'Prateleira C2 - Produto e operacoes', 'Obras para aulas de operacao, fluxo e entrega.', '54000000-0000-0000-0000-000000000104'),
    ('54000000-0000-0000-0000-000000000112', true, current_timestamp, current_timestamp, 0, null, 'BIB-D-P1', 'Prateleira D1 - Ficcao cientifica', 'Classicos de ficcao cientifica e cyberpunk.', '54000000-0000-0000-0000-000000000105'),
    ('54000000-0000-0000-0000-000000000113', true, current_timestamp, current_timestamp, 0, null, 'BIB-D-P2', 'Prateleira D2 - Fantasia', 'Fantasia, aventura e universos nerds.', '54000000-0000-0000-0000-000000000105');

insert into public.item_mestre (
    id, ativo, criado_em, alterado_em, version, extra, oi, nome, descricao, observacoes, categoria_id
) values
    ('54000001-0000-0000-0000-000000000001', true, current_timestamp, current_timestamp, 0, null, 'LIV-001', 'Clean Code', 'Guia pratico para escrever codigo legivel, simples e sustentavel.', 'Titulo usado em aulas de qualidade de codigo e revisao.', '54000000-0000-0000-0000-000000000001'),
    ('54000001-0000-0000-0000-000000000002', true, current_timestamp, current_timestamp, 0, null, 'LIV-002', 'The Pragmatic Programmer', 'Conselhos praticos para evolucao profissional e entrega de software.', 'Bom para discussoes sobre carreira e engenharia.', '54000000-0000-0000-0000-000000000001'),
    ('54000001-0000-0000-0000-000000000003', true, current_timestamp, current_timestamp, 0, null, 'LIV-003', 'Design Patterns', 'Catalogo classico de padroes de projeto orientados a objetos.', 'Referencia para aulas de padroes.', '54000000-0000-0000-0000-000000000001'),
    ('54000001-0000-0000-0000-000000000004', true, current_timestamp, current_timestamp, 0, null, 'LIV-004', 'Refactoring', 'Tecnicas para melhorar design de codigo existente sem alterar comportamento.', 'Apoia exercicios de melhoria incremental.', '54000000-0000-0000-0000-000000000001'),
    ('54000001-0000-0000-0000-000000000005', true, current_timestamp, current_timestamp, 0, null, 'LIV-005', 'Domain-Driven Design', 'Fundamentos de modelagem de dominio e linguagem ubiqua.', 'Referencia para discussoes de arquitetura de negocio.', '54000000-0000-0000-0000-000000000001'),
    ('54000001-0000-0000-0000-000000000006', true, current_timestamp, current_timestamp, 0, null, 'LIV-006', 'Code Complete', 'Manual abrangente sobre construcao profissional de software.', 'Acervo de engenharia de software.', '54000000-0000-0000-0000-000000000001'),
    ('54000001-0000-0000-0000-000000000007', true, current_timestamp, current_timestamp, 0, null, 'LIV-007', 'Introduction to Algorithms', 'Livro classico para estudo de algoritmos e estruturas de dados.', 'Conhecido como CLRS.', '54000000-0000-0000-0000-000000000001'),
    ('54000001-0000-0000-0000-000000000008', true, current_timestamp, current_timestamp, 0, null, 'LIV-008', 'Structure and Interpretation of Computer Programs', 'Fundamentos de computacao, abstracao e interpretadores.', 'Referencia para fundamentos de programacao.', '54000000-0000-0000-0000-000000000001'),
    ('54000001-0000-0000-0000-000000000009', true, current_timestamp, current_timestamp, 0, null, 'LIV-009', 'Computer Networks', 'Conceitos de redes, protocolos e arquitetura da internet.', 'Usado em aulas de infraestrutura.', '54000000-0000-0000-0000-000000000001'),
    ('54000001-0000-0000-0000-000000000010', true, current_timestamp, current_timestamp, 0, null, 'LIV-010', 'Operating System Concepts', 'Conceitos de sistemas operacionais, processos, memoria e arquivos.', 'Referencia para fundamentos de sistemas.', '54000000-0000-0000-0000-000000000001'),
    ('54000001-0000-0000-0000-000000000011', true, current_timestamp, current_timestamp, 0, null, 'LIV-011', 'Artificial Intelligence: A Modern Approach', 'Introducao abrangente a inteligencia artificial moderna.', 'Referencia de IA para acervo tecnico.', '54000000-0000-0000-0000-000000000001'),
    ('54000001-0000-0000-0000-000000000012', true, current_timestamp, current_timestamp, 0, null, 'LIV-012', 'The Mythical Man-Month', 'Ensaios classicos sobre gestao e complexidade em projetos de software.', 'Apoia debates de planejamento e times.', '54000000-0000-0000-0000-000000000001'),
    ('54000001-0000-0000-0000-000000000013', true, current_timestamp, current_timestamp, 0, null, 'LIV-013', 'Peopleware', 'Livro sobre produtividade, ambiente de trabalho e equipes de software.', 'Acervo de cultura e gestao.', '54000000-0000-0000-0000-000000000001'),
    ('54000001-0000-0000-0000-000000000014', true, current_timestamp, current_timestamp, 0, null, 'LIV-014', 'The Phoenix Project', 'Narrativa sobre fluxo, operacoes e transformacao DevOps.', 'Usado para demonstracoes de processos e gargalos.', '54000000-0000-0000-0000-000000000001'),
    ('54000001-0000-0000-0000-000000000015', true, current_timestamp, current_timestamp, 0, null, 'LIV-015', 'The DevOps Handbook', 'Praticas para entrega continua, operacoes e melhoria organizacional.', 'Complementa aulas de DevOps.', '54000000-0000-0000-0000-000000000001'),
    ('54000001-0000-0000-0000-000000000016', true, current_timestamp, current_timestamp, 0, null, 'LIV-016', 'The Linux Programming Interface', 'Referencia detalhada para programacao de sistemas em Linux.', 'Acervo tecnico avancado.', '54000000-0000-0000-0000-000000000001'),
    ('54000001-0000-0000-0000-000000000017', true, current_timestamp, current_timestamp, 0, null, 'LIV-017', 'Compilers: Principles, Techniques, and Tools', 'Livro classico sobre compiladores, conhecido como Dragon Book.', 'Referencia para linguagens e compiladores.', '54000000-0000-0000-0000-000000000001'),
    ('54000001-0000-0000-0000-000000000018', true, current_timestamp, current_timestamp, 0, null, 'LIV-018', 'Godel, Escher, Bach', 'Exploracao de logica, mente, musica e sistemas formais.', 'Obra para discussoes interdisciplinares.', '54000000-0000-0000-0000-000000000001'),
    ('54000001-0000-0000-0000-000000000019', true, current_timestamp, current_timestamp, 0, null, 'LIV-019', 'The Art of Computer Programming', 'Serie classica sobre algoritmos e fundamentos da computacao.', 'Referencia historica de computacao.', '54000000-0000-0000-0000-000000000001'),
    ('54000001-0000-0000-0000-000000000020', true, current_timestamp, current_timestamp, 0, null, 'LIV-020', 'Head First Design Patterns', 'Introducao visual e pratica a padroes de projeto.', 'Bom para aulas introdutorias.', '54000000-0000-0000-0000-000000000001'),
    ('54000001-0000-0000-0000-000000000021', true, current_timestamp, current_timestamp, 0, null, 'LIV-021', 'The Lord of the Rings', 'Fantasia epica classica em um universo rico e detalhado.', 'Acervo nerd para demonstracoes variadas.', '54000000-0000-0000-0000-000000000001'),
    ('54000001-0000-0000-0000-000000000022', true, current_timestamp, current_timestamp, 0, null, 'LIV-022', 'The Hobbit', 'Aventura de fantasia no universo da Terra-media.', 'Acervo de fantasia.', '54000000-0000-0000-0000-000000000001'),
    ('54000001-0000-0000-0000-000000000023', true, current_timestamp, current_timestamp, 0, null, 'LIV-023', 'Dune', 'Ficcao cientifica epica sobre politica, ecologia e poder.', 'Acervo de ficcao cientifica.', '54000000-0000-0000-0000-000000000001'),
    ('54000001-0000-0000-0000-000000000024', true, current_timestamp, current_timestamp, 0, null, 'LIV-024', 'Foundation', 'Saga classica sobre psico-historia e queda de imperios galacticos.', 'Acervo de ficcao cientifica classica.', '54000000-0000-0000-0000-000000000001'),
    ('54000001-0000-0000-0000-000000000025', true, current_timestamp, current_timestamp, 0, null, 'LIV-025', 'Neuromancer', 'Marco do cyberpunk, inteligencia artificial e ciberespaco.', 'Acervo de cultura hacker e ficcao.', '54000000-0000-0000-0000-000000000001'),
    ('54000001-0000-0000-0000-000000000026', true, current_timestamp, current_timestamp, 0, null, 'LIV-026', 'Snow Crash', 'Ficcao cyberpunk sobre metaverso, linguagens e cultura digital.', 'Acervo para debates sobre tecnologia e sociedade.', '54000000-0000-0000-0000-000000000001'),
    ('54000001-0000-0000-0000-000000000027', true, current_timestamp, current_timestamp, 0, null, 'LIV-027', 'The Hitchhiker''s Guide to the Galaxy', 'Aventura espacial satirica e classica da cultura nerd.', 'Acervo leve para demonstracoes de busca e listagem.', '54000000-0000-0000-0000-000000000001'),
    ('54000001-0000-0000-0000-000000000028', true, current_timestamp, current_timestamp, 0, null, 'LIV-028', 'Ready Player One', 'Aventura pop sobre jogos, nostalgia e realidade virtual.', 'Acervo de cultura geek contemporanea.', '54000000-0000-0000-0000-000000000001'),
    ('54000001-0000-0000-0000-000000000029', true, current_timestamp, current_timestamp, 0, null, 'LIV-029', 'The Silmarillion', 'Mitologia e historias antigas da Terra-media.', 'Acervo de fantasia para demonstracoes.', '54000000-0000-0000-0000-000000000001'),
    ('54000001-0000-0000-0000-000000000030', true, current_timestamp, current_timestamp, 0, null, 'LIV-030', 'The Name of the Wind', 'Fantasia sobre musica, conhecimento e formacao de um heroi.', 'Acervo de fantasia contemporanea.', '54000000-0000-0000-0000-000000000001');

insert into public.instancia_item (
    id, ativo, criado_em, alterado_em, version, extra, oi, item_mestre_id, identificador, patrimonio, numero_serie, observacoes, status_operacional
) values
    ('54000002-0000-0000-0000-000000000001', true, current_timestamp, current_timestamp, 0, 'BIB-A-P1', 'COP-LIV-001-01', '54000001-0000-0000-0000-000000000001', 'LIV-001-01', 'BIB-0001', null, 'Local sugerido: Biblioteca > Estante A - Engenharia de Software > Prateleira A1 - Codigo limpo.', 'DISPONIVEL'),
    ('54000002-0000-0000-0000-000000000002', true, current_timestamp, current_timestamp, 0, 'BIB-A-P1', 'COP-LIV-001-02', '54000001-0000-0000-0000-000000000001', 'LIV-001-02', 'BIB-0002', null, 'Local sugerido: Biblioteca > Estante A - Engenharia de Software > Prateleira A1 - Codigo limpo.', 'DISPONIVEL'),
    ('54000002-0000-0000-0000-000000000003', true, current_timestamp, current_timestamp, 0, 'BIB-A-P1', 'COP-LIV-001-03', '54000001-0000-0000-0000-000000000001', 'LIV-001-03', 'BIB-0003', null, 'Local sugerido: Biblioteca > Estante A - Engenharia de Software > Prateleira A1 - Codigo limpo.', 'EMPRESTADO'),
    ('54000002-0000-0000-0000-000000000004', true, current_timestamp, current_timestamp, 0, 'BIB-A-P1', 'COP-LIV-002-01', '54000001-0000-0000-0000-000000000002', 'LIV-002-01', 'BIB-0004', null, 'Local sugerido: Biblioteca > Estante A - Engenharia de Software > Prateleira A1 - Codigo limpo.', 'DISPONIVEL'),
    ('54000002-0000-0000-0000-000000000005', true, current_timestamp, current_timestamp, 0, 'BIB-A-P1', 'COP-LIV-002-02', '54000001-0000-0000-0000-000000000002', 'LIV-002-02', 'BIB-0005', null, 'Local sugerido: Biblioteca > Estante A - Engenharia de Software > Prateleira A1 - Codigo limpo.', 'DISPONIVEL'),
    ('54000002-0000-0000-0000-000000000006', true, current_timestamp, current_timestamp, 0, 'BIB-A-P2', 'COP-LIV-003-01', '54000001-0000-0000-0000-000000000003', 'LIV-003-01', 'BIB-0006', null, 'Local sugerido: Biblioteca > Estante A - Engenharia de Software > Prateleira A2 - Arquitetura e dominio.', 'DISPONIVEL'),
    ('54000002-0000-0000-0000-000000000007', true, current_timestamp, current_timestamp, 0, 'BIB-A-P2', 'COP-LIV-003-02', '54000001-0000-0000-0000-000000000003', 'LIV-003-02', 'BIB-0007', null, 'Local sugerido: Biblioteca > Estante A - Engenharia de Software > Prateleira A2 - Arquitetura e dominio.', 'EM_MOVIMENTACAO'),
    ('54000002-0000-0000-0000-000000000008', true, current_timestamp, current_timestamp, 0, 'BIB-A-P1', 'COP-LIV-004-01', '54000001-0000-0000-0000-000000000004', 'LIV-004-01', 'BIB-0008', null, 'Local sugerido: Biblioteca > Estante A - Engenharia de Software > Prateleira A1 - Codigo limpo.', 'DISPONIVEL'),
    ('54000002-0000-0000-0000-000000000009', true, current_timestamp, current_timestamp, 0, 'BIB-A-P2', 'COP-LIV-005-01', '54000001-0000-0000-0000-000000000005', 'LIV-005-01', 'BIB-0009', null, 'Local sugerido: Biblioteca > Estante A - Engenharia de Software > Prateleira A2 - Arquitetura e dominio.', 'DISPONIVEL'),
    ('54000002-0000-0000-0000-000000000010', true, current_timestamp, current_timestamp, 0, 'BIB-A-P1', 'COP-LIV-006-01', '54000001-0000-0000-0000-000000000006', 'LIV-006-01', 'BIB-0010', null, 'Local sugerido: Biblioteca > Estante A - Engenharia de Software > Prateleira A1 - Codigo limpo.', 'DISPONIVEL'),
    ('54000002-0000-0000-0000-000000000011', true, current_timestamp, current_timestamp, 0, 'BIB-B-P1', 'COP-LIV-007-01', '54000001-0000-0000-0000-000000000007', 'LIV-007-01', 'BIB-0011', null, 'Local sugerido: Biblioteca > Estante B - Computacao Classica > Prateleira B1 - Algoritmos e linguagens.', 'DISPONIVEL'),
    ('54000002-0000-0000-0000-000000000012', true, current_timestamp, current_timestamp, 0, 'BIB-B-P1', 'COP-LIV-007-02', '54000001-0000-0000-0000-000000000007', 'LIV-007-02', 'BIB-0012', null, 'Local sugerido: Biblioteca > Estante B - Computacao Classica > Prateleira B1 - Algoritmos e linguagens.', 'INATIVO'),
    ('54000002-0000-0000-0000-000000000013', true, current_timestamp, current_timestamp, 0, 'BIB-B-P1', 'COP-LIV-008-01', '54000001-0000-0000-0000-000000000008', 'LIV-008-01', 'BIB-0013', null, 'Local sugerido: Biblioteca > Estante B - Computacao Classica > Prateleira B1 - Algoritmos e linguagens.', 'DISPONIVEL'),
    ('54000002-0000-0000-0000-000000000014', true, current_timestamp, current_timestamp, 0, 'BIB-B-P2', 'COP-LIV-009-01', '54000001-0000-0000-0000-000000000009', 'LIV-009-01', 'BIB-0014', null, 'Local sugerido: Biblioteca > Estante B - Computacao Classica > Prateleira B2 - Sistemas e redes.', 'DISPONIVEL'),
    ('54000002-0000-0000-0000-000000000015', true, current_timestamp, current_timestamp, 0, 'BIB-B-P2', 'COP-LIV-010-01', '54000001-0000-0000-0000-000000000010', 'LIV-010-01', 'BIB-0015', null, 'Local sugerido: Biblioteca > Estante B - Computacao Classica > Prateleira B2 - Sistemas e redes.', 'DISPONIVEL'),
    ('54000002-0000-0000-0000-000000000016', true, current_timestamp, current_timestamp, 0, 'BIB-B-P1', 'COP-LIV-011-01', '54000001-0000-0000-0000-000000000011', 'LIV-011-01', 'BIB-0016', null, 'Local sugerido: Biblioteca > Estante B - Computacao Classica > Prateleira B1 - Algoritmos e linguagens.', 'DISPONIVEL'),
    ('54000002-0000-0000-0000-000000000017', true, current_timestamp, current_timestamp, 0, 'BIB-C-P1', 'COP-LIV-012-01', '54000001-0000-0000-0000-000000000012', 'LIV-012-01', 'BIB-0017', null, 'Local sugerido: Biblioteca > Estante C - Cultura Tech > Prateleira C1 - Times e processos.', 'DISPONIVEL'),
    ('54000002-0000-0000-0000-000000000018', true, current_timestamp, current_timestamp, 0, 'BIB-C-P1', 'COP-LIV-013-01', '54000001-0000-0000-0000-000000000013', 'LIV-013-01', 'BIB-0018', null, 'Local sugerido: Biblioteca > Estante C - Cultura Tech > Prateleira C1 - Times e processos.', 'DISPONIVEL'),
    ('54000002-0000-0000-0000-000000000019', true, current_timestamp, current_timestamp, 0, 'BIB-C-P2', 'COP-LIV-014-01', '54000001-0000-0000-0000-000000000014', 'LIV-014-01', 'BIB-0019', null, 'Local sugerido: Biblioteca > Estante C - Cultura Tech > Prateleira C2 - Produto e operacoes.', 'DISPONIVEL'),
    ('54000002-0000-0000-0000-000000000020', true, current_timestamp, current_timestamp, 0, 'BIB-C-P2', 'COP-LIV-014-02', '54000001-0000-0000-0000-000000000014', 'LIV-014-02', 'BIB-0020', null, 'Local sugerido: Biblioteca > Estante C - Cultura Tech > Prateleira C2 - Produto e operacoes.', 'EMPRESTADO'),
    ('54000002-0000-0000-0000-000000000021', true, current_timestamp, current_timestamp, 0, 'BIB-C-P2', 'COP-LIV-015-01', '54000001-0000-0000-0000-000000000015', 'LIV-015-01', 'BIB-0021', null, 'Local sugerido: Biblioteca > Estante C - Cultura Tech > Prateleira C2 - Produto e operacoes.', 'DISPONIVEL'),
    ('54000002-0000-0000-0000-000000000022', true, current_timestamp, current_timestamp, 0, 'BIB-B-P2', 'COP-LIV-016-01', '54000001-0000-0000-0000-000000000016', 'LIV-016-01', 'BIB-0022', null, 'Local sugerido: Biblioteca > Estante B - Computacao Classica > Prateleira B2 - Sistemas e redes.', 'DISPONIVEL'),
    ('54000002-0000-0000-0000-000000000023', true, current_timestamp, current_timestamp, 0, 'BIB-B-P1', 'COP-LIV-017-01', '54000001-0000-0000-0000-000000000017', 'LIV-017-01', 'BIB-0023', null, 'Local sugerido: Biblioteca > Estante B - Computacao Classica > Prateleira B1 - Algoritmos e linguagens.', 'DISPONIVEL'),
    ('54000002-0000-0000-0000-000000000024', true, current_timestamp, current_timestamp, 0, 'BIB-B-P1', 'COP-LIV-018-01', '54000001-0000-0000-0000-000000000018', 'LIV-018-01', 'BIB-0024', null, 'Local sugerido: Biblioteca > Estante B - Computacao Classica > Prateleira B1 - Algoritmos e linguagens.', 'DISPONIVEL'),
    ('54000002-0000-0000-0000-000000000025', true, current_timestamp, current_timestamp, 0, 'BIB-B-P1', 'COP-LIV-019-01', '54000001-0000-0000-0000-000000000019', 'LIV-019-01', 'BIB-0025', null, 'Local sugerido: Biblioteca > Estante B - Computacao Classica > Prateleira B1 - Algoritmos e linguagens.', 'DISPONIVEL'),
    ('54000002-0000-0000-0000-000000000026', true, current_timestamp, current_timestamp, 0, 'BIB-A-P2', 'COP-LIV-020-01', '54000001-0000-0000-0000-000000000020', 'LIV-020-01', 'BIB-0026', null, 'Local sugerido: Biblioteca > Estante A - Engenharia de Software > Prateleira A2 - Arquitetura e dominio.', 'DISPONIVEL'),
    ('54000002-0000-0000-0000-000000000027', true, current_timestamp, current_timestamp, 0, 'BIB-D-P2', 'COP-LIV-021-01', '54000001-0000-0000-0000-000000000021', 'LIV-021-01', 'BIB-0027', null, 'Local sugerido: Biblioteca > Estante D - Ficcao Cientifica e Fantasia > Prateleira D2 - Fantasia.', 'DISPONIVEL'),
    ('54000002-0000-0000-0000-000000000028', true, current_timestamp, current_timestamp, 0, 'BIB-D-P2', 'COP-LIV-021-02', '54000001-0000-0000-0000-000000000021', 'LIV-021-02', 'BIB-0028', null, 'Local sugerido: Biblioteca > Estante D - Ficcao Cientifica e Fantasia > Prateleira D2 - Fantasia.', 'DISPONIVEL'),
    ('54000002-0000-0000-0000-000000000029', true, current_timestamp, current_timestamp, 0, 'BIB-D-P2', 'COP-LIV-022-01', '54000001-0000-0000-0000-000000000022', 'LIV-022-01', 'BIB-0029', null, 'Local sugerido: Biblioteca > Estante D - Ficcao Cientifica e Fantasia > Prateleira D2 - Fantasia.', 'DISPONIVEL'),
    ('54000002-0000-0000-0000-000000000030', true, current_timestamp, current_timestamp, 0, 'BIB-D-P1', 'COP-LIV-023-01', '54000001-0000-0000-0000-000000000023', 'LIV-023-01', 'BIB-0030', null, 'Local sugerido: Biblioteca > Estante D - Ficcao Cientifica e Fantasia > Prateleira D1 - Ficcao cientifica.', 'DISPONIVEL'),
    ('54000002-0000-0000-0000-000000000031', true, current_timestamp, current_timestamp, 0, 'BIB-D-P1', 'COP-LIV-023-02', '54000001-0000-0000-0000-000000000023', 'LIV-023-02', 'BIB-0031', null, 'Local sugerido: Biblioteca > Estante D - Ficcao Cientifica e Fantasia > Prateleira D1 - Ficcao cientifica.', 'EMPRESTADO'),
    ('54000002-0000-0000-0000-000000000032', true, current_timestamp, current_timestamp, 0, 'BIB-D-P1', 'COP-LIV-024-01', '54000001-0000-0000-0000-000000000024', 'LIV-024-01', 'BIB-0032', null, 'Local sugerido: Biblioteca > Estante D - Ficcao Cientifica e Fantasia > Prateleira D1 - Ficcao cientifica.', 'DISPONIVEL'),
    ('54000002-0000-0000-0000-000000000033', true, current_timestamp, current_timestamp, 0, 'BIB-D-P1', 'COP-LIV-025-01', '54000001-0000-0000-0000-000000000025', 'LIV-025-01', 'BIB-0033', null, 'Local sugerido: Biblioteca > Estante D - Ficcao Cientifica e Fantasia > Prateleira D1 - Ficcao cientifica.', 'DISPONIVEL'),
    ('54000002-0000-0000-0000-000000000034', true, current_timestamp, current_timestamp, 0, 'BIB-D-P1', 'COP-LIV-026-01', '54000001-0000-0000-0000-000000000026', 'LIV-026-01', 'BIB-0034', null, 'Local sugerido: Biblioteca > Estante D - Ficcao Cientifica e Fantasia > Prateleira D1 - Ficcao cientifica.', 'DISPONIVEL'),
    ('54000002-0000-0000-0000-000000000035', true, current_timestamp, current_timestamp, 0, 'BIB-D-P1', 'COP-LIV-027-01', '54000001-0000-0000-0000-000000000027', 'LIV-027-01', 'BIB-0035', null, 'Local sugerido: Biblioteca > Estante D - Ficcao Cientifica e Fantasia > Prateleira D1 - Ficcao cientifica.', 'DISPONIVEL'),
    ('54000002-0000-0000-0000-000000000036', true, current_timestamp, current_timestamp, 0, 'BIB-D-P1', 'COP-LIV-028-01', '54000001-0000-0000-0000-000000000028', 'LIV-028-01', 'BIB-0036', null, 'Local sugerido: Biblioteca > Estante D - Ficcao Cientifica e Fantasia > Prateleira D1 - Ficcao cientifica.', 'INATIVO'),
    ('54000002-0000-0000-0000-000000000037', true, current_timestamp, current_timestamp, 0, 'BIB-D-P2', 'COP-LIV-029-01', '54000001-0000-0000-0000-000000000029', 'LIV-029-01', 'BIB-0037', null, 'Local sugerido: Biblioteca > Estante D - Ficcao Cientifica e Fantasia > Prateleira D2 - Fantasia.', 'DISPONIVEL'),
    ('54000002-0000-0000-0000-000000000038', true, current_timestamp, current_timestamp, 0, 'BIB-D-P2', 'COP-LIV-030-01', '54000001-0000-0000-0000-000000000030', 'LIV-030-01', 'BIB-0038', null, 'Local sugerido: Biblioteca > Estante D - Ficcao Cientifica e Fantasia > Prateleira D2 - Fantasia.', 'DISPONIVEL');
